[
    {
        "NOM_COM": "Bordeaux",
        "CODE_IRIS": [
            "330630306",
            "330630308",
            "330630706",
            "330630904",
            "330630305",
            "330630507",
            "330630903",
            "330630806",
            "330630901",
            "330630905",
            "330630705",
            "330630609",
            "330630902",
            "330631003",
            "330631001",
            "330631006",
            "330631002",
            "330631202",
            "330630508",
            "330631005",
            "330631004",
            "330631201",
            "330631101",
            "330631203",
            "330631204",
            "330631205",
            "330630501",
            "330630503",
            "330631107",
            "330631102",
            "330631106",
            "330630504",
            "330631208",
            "330631209",
            "330631206",
            "330631103",
            "330631207",
            "330630502",
            "330630505",
            "330631108",
            "330631104",
            "330631105",
            "330631305",
            "330631302",
            "330631304",
            "330631303",
            "330630402",
            "330631301",
            "330630405",
            "330630404",
            "330630311",
            "330630401",
            "330630807",
            "330630808",
            "330630809",
            "330630803",
            "330630805",
            "330630802",
            "330630804",
            "330630801",
            "330630703",
            "330630704",
            "330630701",
            "330630604",
            "330630702",
            "330630605",
            "330630608",
            "330630606",
            "330630603",
            "330630607",
            "330630601",
            "330630602",
            "330630506",
            "330630310",
            "330630307",
            "330630202",
            "330630313",
            "330630103",
            "330630302",
            "330630303",
            "330630312",
            "330630309",
            "330630301",
            "330630101",
            "330630201",
            "330630204",
            "330630403",
            "330630203"
        ],
        "coordinates": [
            -0.5475980878998659,
            44.87110235411168
        ]
    },
    {
        "NOM_COM": "Pessac",
        "CODE_IRIS": [
            "333180111",
            "333180112",
            "333180122",
            "333180121",
            "333180110",
            "333180102",
            "333180123",
            "333180124",
            "333180109",
            "333180103",
            "333180120",
            "333180108",
            "333180119",
            "333180113",
            "333180104",
            "333180115",
            "333180106",
            "333180118",
            "333180105",
            "333180117",
            "333180116",
            "333180107"
        ],
        "coordinates": [
            -0.6147090152655916,
            44.81105474774394
        ]
    },
    {
        "NOM_COM": "Mérignac",
        "CODE_IRIS": [
            "332810104",
            "332810302",
            "332811502",
            "332811201",
            "332811401",
            "332811503",
            "332810402",
            "332811501",
            "332810601",
            "332810401",
            "332810102",
            "332810101",
            "332810701",
            "332811301",
            "332810301",
            "332811002",
            "332810502",
            "332811003",
            "332811101",
            "332811504",
            "332810203",
            "332810201",
            "332810901",
            "332810801",
            "332810103",
            "332810202",
            "332810501"
        ],
        "coordinates": [
            -0.6419465834891951,
            44.84797647286347
        ]
    },
    {
        "NOM_COM": "Gradignan",
        "CODE_IRIS": [
            "331920101",
            "331920110",
            "331920108",
            "331920104",
            "331920111",
            "331920105",
            "331920103",
            "331920102",
            "331920106",
            "331920107"
        ],
        "coordinates": [
            -0.6014313141179024,
            44.77892227684582
        ]
    },
    {
        "NOM_COM": "Martignas-sur-Jalle",
        "CODE_IRIS": [
            "332730101",
            "332730102"
        ],
        "coordinates": [
            -0.8025938091701078,
            44.84839403278505
        ]
    },
    {
        "NOM_COM": "Saint-Médard-en-Jalles",
        "CODE_IRIS": [
            "334490101",
            "334490103",
            "334490111",
            "334490112",
            "334490102",
            "334490113",
            "334490104",
            "334490110",
            "334490106",
            "334490105",
            "334490108",
            "334490109",
            "334490107"
        ],
        "coordinates": [
            -0.7029858370947369,
            44.88310059089051
        ]
    },
    {
        "NOM_COM": "Saint-Aubin-de-Médoc",
        "CODE_IRIS": [
            "333760000"
        ],
        "coordinates": [
            -0.7477915013763424,
            44.934285691312105
        ]
    },
    {
        "NOM_COM": "Le Haillan",
        "CODE_IRIS": [
            "332000101",
            "332000103",
            "332000104",
            "332000102"
        ],
        "coordinates": [
            -0.6767804847121204,
            44.87307325282252
        ]
    },
    {
        "NOM_COM": "Le Taillan-Médoc",
        "CODE_IRIS": [
            "335190101",
            "335190102",
            "335190103"
        ],
        "coordinates": [
            -0.6789651771119757,
            44.90994032223726
        ]
    },
    {
        "NOM_COM": "Talence",
        "CODE_IRIS": [
            "335220103",
            "335220104",
            "335220111",
            "335220110",
            "335220101",
            "335220106",
            "335220113",
            "335220109",
            "335220112",
            "335220108",
            "335220107",
            "335220105",
            "335220102"
        ],
        "coordinates": [
            -0.5809723321449302,
            44.81137848591448
        ]
    },
    {
        "NOM_COM": "Villenave-d'Ornon",
        "CODE_IRIS": [
            "335500102",
            "335500110",
            "335500108",
            "335500103",
            "335500104",
            "335500101",
            "335500109",
            "335500105",
            "335500106",
            "335500107"
        ],
        "coordinates": [
            -0.5477095699227111,
            44.77603547009661
        ]
    },
    {
        "NOM_COM": "Bègles",
        "CODE_IRIS": [
            "330390102",
            "330390108",
            "330390101",
            "330390105",
            "330390103",
            "330390106",
            "330390107",
            "330390110",
            "330390104",
            "330390109"
        ],
        "coordinates": [
            -0.5414572782920718,
            44.80546294882438
        ]
    },
    {
        "NOM_COM": "Le Bouscat",
        "CODE_IRIS": [
            "330690101",
            "330690104",
            "330690106",
            "330690109",
            "330690108",
            "330690107",
            "330690102",
            "330690103",
            "330690105"
        ],
        "coordinates": [
            -0.5886115955589393,
            44.86517529570298
        ]
    },
    {
        "NOM_COM": "Floirac",
        "CODE_IRIS": [
            "331670102",
            "331670103",
            "331670109",
            "331670101",
            "331670104",
            "331670110",
            "331670108"
        ],
        "coordinates": [
            -0.512431973122377,
            44.83993083293881
        ]
    },
    {
        "NOM_COM": "Bouliac",
        "CODE_IRIS": [
            "330650000"
        ],
        "coordinates": [
            -0.5026278297121876,
            44.81652611750033
        ]
    },
    {
        "NOM_COM": "Eysines",
        "CODE_IRIS": [
            "331620106",
            "331620103",
            "331620101",
            "331620107",
            "331620102",
            "331620104",
            "331620105"
        ],
        "coordinates": [
            -0.6350126229292296,
            44.878549770225774
        ]
    },
    {
        "NOM_COM": "Blanquefort",
        "CODE_IRIS": [
            "330560105",
            "330560103",
            "330560101",
            "330560102",
            "330560104",
            "330560106",
            "330560107"
        ],
        "coordinates": [
            -0.6023610042991054,
            44.92065030864353
        ]
    },
    {
        "NOM_COM": "Bruges",
        "CODE_IRIS": [
            "330750101",
            "330750103",
            "330750102",
            "330750105",
            "330750104"
        ],
        "coordinates": [
            -0.5984365922302419,
            44.88261919920929
        ]
    },
    {
        "NOM_COM": "Parempuyre",
        "CODE_IRIS": [
            "333120101",
            "333120102",
            "333120103"
        ],
        "coordinates": [
            -0.5933153660464603,
            44.95449906728871
        ]
    },
    {
        "NOM_COM": "Cenon",
        "CODE_IRIS": [
            "331190108",
            "331190109",
            "331190103",
            "331190101",
            "331190102",
            "331190104",
            "331190106",
            "331190105",
            "331190107"
        ],
        "coordinates": [
            -0.5099234848924978,
            44.851695513191125
        ]
    },
    {
        "NOM_COM": "Bassens",
        "CODE_IRIS": [
            "330320104",
            "330320103",
            "330320102",
            "330320101"
        ],
        "coordinates": [
            -0.5154342864040666,
            44.90732003803885
        ]
    },
    {
        "NOM_COM": "Lormont",
        "CODE_IRIS": [
            "332490103",
            "332490108",
            "332490109",
            "332490101",
            "332490104",
            "332490102",
            "332490105",
            "332490107",
            "332490110",
            "332490106"
        ],
        "coordinates": [
            -0.5083456683783623,
            44.87734109776076
        ]
    },
    {
        "NOM_COM": "Saint-Louis-de-Montferrand",
        "CODE_IRIS": [
            "334340000"
        ],
        "coordinates": [
            -0.5334562319839139,
            44.957050052729954
        ]
    },
    {
        "NOM_COM": "Ambès",
        "CODE_IRIS": [
            "330040000"
        ],
        "coordinates": [
            -0.5486382410228073,
            45.012288593305115
        ]
    },
    {
        "NOM_COM": "Ambarès-et-Lagrave",
        "CODE_IRIS": [
            "330030103",
            "330030101",
            "330030104",
            "330030102"
        ],
        "coordinates": [
            -0.49074287652120807,
            44.93522103596386
        ]
    },
    {
        "NOM_COM": "Carbon-Blanc",
        "CODE_IRIS": [
            "330960102",
            "330960103",
            "330960101"
        ],
        "coordinates": [
            -0.50185226619338,
            44.89995093959015
        ]
    },
    {
        "NOM_COM": "Artigues-près-Bordeaux",
        "CODE_IRIS": [
            "330130104",
            "330130101"
        ],
        "coordinates": [
            -0.48822797058334005,
            44.85933266852243
        ]
    },
    {
        "NOM_COM": "Saint-Vincent-de-Paul",
        "CODE_IRIS": [
            "334870000"
        ],
        "coordinates": [
            -0.4815176083215012,
            44.9704133213449
        ]
    }
]